start_frame,end_frame,look_at_frame,part,keep
368,423,395,Whole Body,YES
751,1313,1032,Whole Body,YES
1902,1970,1936,Whole Body,YES
2220,3607,2913,Whole Body,YES
4021,4112,4066,Whole Body,YES
5322,5548,5435,Whole Body,YES
5969,6006,5987,Whole Body,YES
6009,6040,6024,Whole Body,YES
6893,7049,6971,Whole Body,YES
7841,7965,7903,Whole Body,YES
8319,8349,8334,Whole Body,YES
