interval_id,start_frame,end_frame,start_sec,end_sec,dur_s
1,368,423,12.3,14.1,1.9
2,751,1313,25.0,43.8,18.8
3,1902,1970,63.4,65.7,2.3
4,2220,3607,74.0,120.2,46.3
5,4021,4112,134.0,137.1,3.1
6,5322,5548,177.4,184.9,7.6
7,5969,6006,199.0,200.2,1.3
8,6009,6040,200.3,201.3,1.1
9,6893,7049,229.8,235.0,5.2
10,7841,7965,261.4,265.5,4.2
11,8319,8349,277.3,278.3,1.0
